Time	Watts	Volts	Amps	WattHrs	Cost	Avg Kwh	Mo Cost	Max Wts	Max Vlt	Max Amp	Min Wts	Min Vlt	Min Amp	Pwr Fct	Dty Cyc	Pwr Cyc

0.00000000	0.00	244.500	0.000	0.00	0.000	0.00	0.000	0.00	0.00	0.000	0.00	0.000	0.000	0.0	0.0	0.0	0.0	36.200
0.00001157	0.00	244.500	0.000	0.00	0.000	0.00	0.000	0.00	0.00	0.000	0.00	0.000	0.000	0.0	0.0	0.0	0.0	36.200
0.00002315	0.00	244.700	0.000	0.00	0.000	0.00	0.000	0.00	0.00	0.000	0.00	0.000	0.000	0.0	0.0	0.0	0.0	36.000
0.00003472	0.00	244.800	0.000	0.00	0.000	0.00	0.000	0.00	0.00	0.000	0.00	0.000	0.000	0.0	0.0	0.0	0.0	36.200
0.00004630	0.00	244.800	0.000	0.00	0.000	0.00	0.000	0.00	0.00	0.000	0.00	0.000	0.000	0.0	0.0	0.0	0.0	36.200
0.00005787	0.00	244.700	0.000	0.00	0.000	0.00	0.000	0.00	0.00	0.000	0.00	0.000	0.000	0.0	0.0	0.0	0.0	36.200
0.00006944	0.00	244.700	0.000	0.00	0.000	0.00	0.000	0.00	0.00	0.000	0.00	0.000	0.000	0.0	0.0	0.0	0.0	36.500
0.00008102	0.00	244.600	0.000	0.00	0.000	0.00	0.000	0.00	0.00	0.000	0.00	0.000	0.000	0.0	0.0	0.0	0.0	36.200
0.00009259	0.00	244.600	0.000	0.00	0.000	0.00	0.000	0.00	0.00	0.000	0.00	0.000	0.000	0.0	0.0	0.0	0.0	36.200
0.00010417	0.40	244.500	0.141	0.00	0.000	0.00	0.000	0.00	0.00	0.000	0.00	0.000	0.000	0.0	0.0	0.0	0.0	40.700
0.00011574	0.40	244.500	0.141	0.00	0.000	0.00	0.000	0.00	0.00	0.000	0.00	0.000	0.000	0.0	0.0	0.0	0.0	40.900
0.00012731	0.50	244.300	0.141	0.00	0.000	0.00	0.000	0.00	0.00	0.000	0.00	0.000	0.000	0.0	0.0	0.0	0.0	40.900
0.00013889	0.60	244.200	0.141	0.00	0.000	0.00	0.000	0.00	0.00	0.000	0.00	0.000	0.000	0.0	0.0	0.0	0.0	40.700
0.00015046	0.70	244.100	0.141	0.00	0.000	0.00	0.000	0.00	0.00	0.000	0.00	0.000	0.000	0.0	0.0	0.0	0.0	40.700
0.00016204	0.70	244.000	0.141	0.00	0.000	0.00	0.000	0.00	0.00	0.000	0.00	0.000	0.000	0.0	0.0	0.0	0.0	40.700
0.00017361	0.80	244.100	0.141	0.00	0.000	0.00	0.000	0.00	0.00	0.000	0.00	0.000	0.000	0.0	0.0	0.0	0.0	40.900
0.00018519	0.80	244.100	0.141	0.00	0.000	0.00	0.000	0.00	0.00	0.000	0.00	0.000	0.000	0.0	0.0	0.0	0.0	40.700
0.00019676	0.90	244.100	0.141	0.00	0.000	0.00	0.000	0.00	0.00	0.000	0.00	0.000	0.000	0.0	0.0	0.0	0.0	40.700
0.00020833	0.90	244.200	0.141	0.00	0.000	0.00	0.000	0.00	0.00	0.000	0.00	0.000	0.000	0.0	0.0	0.0	0.0	40.700
0.00021991	0.90	244.200	0.141	0.00	0.000	0.00	0.000	0.00	0.00	0.000	0.00	0.000	0.000	0.0	0.0	0.0	0.0	40.700
0.00023148	0.90	244.200	0.141	0.00	0.000	0.00	0.000	0.00	0.00	0.000	0.00	0.000	0.000	0.0	0.0	0.0	0.0	40.700
0.00024306	1.00	244.300	0.141	0.00	0.000	0.00	0.000	0.00	0.00	0.000	0.00	0.000	0.000	0.0	0.0	0.0	0.0	40.900
0.00025463	1.00	244.200	0.141	0.00	0.000	0.00	0.000	0.00	0.00	0.000	0.00	0.000	0.000	0.0	0.0	0.0	0.0	40.700
0.00026620	1.00	244.200	0.141	0.00	0.000	0.00	0.000	0.00	0.00	0.000	0.00	0.000	0.000	0.0	0.0	0.0	0.0	40.700
0.00027778	1.00	244.300	0.141	0.00	0.000	0.00	0.000	0.00	0.00	0.000	0.00	0.000	0.000	0.0	0.0	0.0	0.0	40.700
0.00028935	1.00	244.400	0.142	0.00	0.000	0.00	0.000	0.00	0.00	0.000	0.00	0.000	0.000	0.0	0.0	0.0	0.0	40.900
0.00030093	1.10	244.500	0.141	0.00	0.000	0.00	0.000	0.00	0.00	0.000	0.00	0.000	0.000	0.0	0.0	0.0	0.0	40.700
0.00031250	1062.50	241.500	6.611	0.00	0.000	0.00	0.000	0.00	0.00	0.000	0.00	0.000	0.000	0.0	0.0	0.0	0.0	1062.500
0.00032407	1591.90	241.300	6.583	0.00	0.000	0.00	0.000	0.00	0.00	0.000	0.00	0.000	0.000	0.0	0.0	0.0	0.0	1592.600
0.00033565	1584.70	241.200	6.565	0.00	0.000	0.00	0.000	0.00	0.00	0.000	0.00	0.000	0.000	0.0	0.0	0.0	0.0	1585.500
0.00034722	1584.30	241.300	6.558	0.00	0.000	0.00	0.000	0.00	0.00	0.000	0.00	0.000	0.000	0.0	0.0	0.0	0.0	1584.300
0.00035880	1583.90	241.400	6.553	0.00	0.000	0.00	0.000	0.00	0.00	0.000	0.00	0.000	0.000	0.0	0.0	0.0	0.0	1583.900
0.00037037	1583.50	241.500	6.552	0.00	0.000	0.00	0.000	0.00	0.00	0.000	0.00	0.000	0.000	0.0	0.0	0.0	0.0	1583.500
0.00038194	1583.10	241.400	6.548	0.00	0.000	0.00	0.000	0.00	0.00	0.000	0.00	0.000	0.000	0.0	0.0	0.0	0.0	1583.100
0.00039352	1582.60	241.300	6.544	0.00	0.000	0.00	0.000	0.00	0.00	0.000	0.00	0.000	0.000	0.0	0.0	0.0	0.0	1582.600
0.00040509	1582.00	241.400	6.542	0.00	0.000	0.00	0.000	0.00	0.00	0.000	0.00	0.000	0.000	0.0	0.0	0.0	0.0	1582.000
0.00041667	1581.50	241.600	6.547	0.00	0.000	0.00	0.000	0.00	0.00	0.000	0.00	0.000	0.000	0.0	0.0	0.0	0.0	1581.500
0.00042824	1581.40	241.700	6.547	0.00	0.000	0.00	0.000	0.00	0.00	0.000	0.00	0.000	0.000	0.0	0.0	0.0	0.0	1581.400
0.00043981	1581.20	241.500	6.543	0.00	0.000	0.00	0.000	0.00	0.00	0.000	0.00	0.000	0.000	0.0	0.0	0.0	0.0	1581.200
0.00045139	1580.90	241.700	6.544	0.00	0.000	0.00	0.000	0.00	0.00	0.000	0.00	0.000	0.000	0.0	0.0	0.0	0.0	1580.900
0.00046296	1580.70	241.500	6.540	0.00	0.000	0.00	0.000	0.00	0.00	0.000	0.00	0.000	0.000	0.0	0.0	0.0	0.0	1580.700
0.00047454	1580.30	241.500	6.535	0.00	0.000	0.00	0.000	0.00	0.00	0.000	0.00	0.000	0.000	0.0	0.0	0.0	0.0	1580.300
0.00048611	1579.70	241.400	6.533	0.00	0.000	0.00	0.000	0.00	0.00	0.000	0.00	0.000	0.000	0.0	0.0	0.0	0.0	1579.700
0.00049769	1579.30	241.600	6.536	0.00	0.000	0.00	0.000	0.00	0.00	0.000	0.00	0.000	0.000	0.0	0.0	0.0	0.0	1579.300
0.00050926	1579.10	241.700	6.538	0.00	0.000	0.00	0.000	0.00	0.00	0.000	0.00	0.000	0.000	0.0	0.0	0.0	0.0	1579.100
0.00052083	1579.00	241.500	6.531	0.00	0.000	0.00	0.000	0.00	0.00	0.000	0.00	0.000	0.000	0.0	0.0	0.0	0.0	1579.000
0.00053241	1578.60	241.400	6.527	0.00	0.000	0.00	0.000	0.00	0.00	0.000	0.00	0.000	0.000	0.0	0.0	0.0	0.0	1578.600
0.00054398	1578.00	241.500	6.528	0.00	0.000	0.00	0.000	0.00	0.00	0.000	0.00	0.000	0.000	0.0	0.0	0.0	0.0	1578.000
0.00055556	1577.80	241.600	6.533	0.00	0.000	0.00	0.000	0.00	0.00	0.000	0.00	0.000	0.000	0.0	0.0	0.0	0.0	1577.800
0.00056713	1577.80	241.600	6.528	0.00	0.000	0.00	0.000	0.00	0.00	0.000	0.00	0.000	0.000	0.0	0.0	0.0	0.0	1577.800
0.00057870	1577.40	241.500	6.523	0.00	0.000	0.00	0.000	0.00	0.00	0.000	0.00	0.000	0.000	0.0	0.0	0.0	0.0	1577.400
0.00059028	1577.00	241.400	6.524	0.00	0.000	0.00	0.000	0.00	0.00	0.000	0.00	0.000	0.000	0.0	0.0	0.0	0.0	1577.000
0.00060185	1576.70	241.600	6.527	0.00	0.000	0.00	0.000	0.00	0.00	0.000	0.00	0.000	0.000	0.0	0.0	0.0	0.0	1576.700
0.00061343	1576.60	241.800	6.529	0.00	0.000	0.00	0.000	0.00	0.00	0.000	0.00	0.000	0.000	0.0	0.0	0.0	0.0	1576.600
0.00062500	1576.60	241.800	6.529	0.00	0.000	0.00	0.000	0.00	0.00	0.000	0.00	0.000	0.000	0.0	0.0	0.0	0.0	1576.600
0.00063657	1576.60	241.700	6.525	0.00	0.000	0.00	0.000	0.00	0.00	0.000	0.00	0.000	0.000	0.0	0.0	0.0	0.0	1576.600
0.00064815	1576.40	241.700	6.522	0.00	0.000	0.00	0.000	0.00	0.00	0.000	0.00	0.000	0.000	0.0	0.0	0.0	0.0	1576.400
0.00065972	1576.10	241.700	6.522	0.00	0.000	0.00	0.000	0.00	0.00	0.000	0.00	0.000	0.000	0.0	0.0	0.0	0.0	1576.100
0.00067130	1575.80	241.400	6.514	0.00	0.000	0.00	0.000	0.00	0.00	0.000	0.00	0.000	0.000	0.0	0.0	0.0	0.0	1575.800
0.00068287	1575.20	241.400	6.513	0.00	0.000	0.00	0.000	0.00	0.00	0.000	0.00	0.000	0.000	0.0	0.0	0.0	0.0	1575.200
0.00069444	1574.60	241.400	6.512	0.00	0.000	0.00	0.000	0.00	0.00	0.000	0.00	0.000	0.000	0.0	0.0	0.0	0.0	1574.600
0.00070602	1574.10	241.400	6.512	0.00	0.000	0.00	0.000	0.00	0.00	0.000	0.00	0.000	0.000	0.0	0.0	0.0	0.0	1574.100
0.00071759	1573.70	241.500	6.511	0.00	0.000	0.00	0.000	0.00	0.00	0.000	0.00	0.000	0.000	0.0	0.0	0.0	0.0	1573.700
0.00072917	1573.20	241.400	6.508	0.00	0.000	0.00	0.000	0.00	0.00	0.000	0.00	0.000	0.000	0.0	0.0	0.0	0.0	1573.200
0.00074074	1572.60	241.300	6.508	0.00	0.000	0.00	0.000	0.00	0.00	0.000	0.00	0.000	0.000	0.0	0.0	0.0	0.0	1572.600
0.00075231	1572.10	241.400	6.508	0.00	0.000	0.00	0.000	0.00	0.00	0.000	0.00	0.000	0.000	0.0	0.0	0.0	0.0	1572.100
0.00076389	1571.90	241.600	6.512	0.00	0.000	0.00	0.000	0.00	0.00	0.000	0.00	0.000	0.000	0.0	0.0	0.0	0.0	1571.900
0.00077546	1571.90	241.500	6.510	0.00	0.000	0.00	0.000	0.00	0.00	0.000	0.00	0.000	0.000	0.0	0.0	0.0	0.0	1571.900
0.00078704	1571.60	241.300	6.503	0.00	0.000	0.00	0.000	0.00	0.00	0.000	0.00	0.000	0.000	0.0	0.0	0.0	0.0	1571.600
0.00079861	1571.00	241.100	6.498	0.00	0.000	0.00	0.000	0.00	0.00	0.000	0.00	0.000	0.000	0.0	0.0	0.0	0.0	1571.000
0.00081019	1565.70	241.200	6.498	0.00	0.000	0.00	0.000	0.00	0.00	0.000	0.00	0.000	0.000	0.0	0.0	0.0	0.0	1565.700
0.00082176	1565.60	241.200	6.498	0.00	0.000	0.00	0.000	0.00	0.00	0.000	0.00	0.000	0.000	0.0	0.0	0.0	0.0	1565.600
0.00083333	1565.70	241.200	6.498	0.00	0.000	0.00	0.000	0.00	0.00	0.000	0.00	0.000	0.000	0.0	0.0	0.0	0.0	1565.700
0.00084491	1565.70	241.200	6.498	0.00	0.000	0.00	0.000	0.00	0.00	0.000	0.00	0.000	0.000	0.0	0.0	0.0	0.0	1565.700
0.00085648	1565.60	241.200	6.496	0.00	0.000	0.00	0.000	0.00	0.00	0.000	0.00	0.000	0.000	0.0	0.0	0.0	0.0	1565.600
0.00086806	1565.50	241.000	6.492	0.00	0.000	0.00	0.000	0.00	0.00	0.000	0.00	0.000	0.000	0.0	0.0	0.0	0.0	1565.500
0.00087963	1565.10	240.900	6.488	0.00	0.000	0.00	0.000	0.00	0.00	0.000	0.00	0.000	0.000	0.0	0.0	0.0	0.0	1565.100
0.00089120	1559.00	240.700	6.482	0.00	0.000	0.00	0.000	0.00	0.00	0.000	0.00	0.000	0.000	0.0	0.0	0.0	0.0	1559.200
0.00090278	1559.10	240.800	6.484	0.00	0.000	0.00	0.000	0.00	0.00	0.000	0.00	0.000	0.000	0.0	0.0	0.0	0.0	1559.100
0.00091435	1559.20	241.000	6.487	0.00	0.000	0.00	0.000	0.00	0.00	0.000	0.00	0.000	0.000	0.0	0.0	0.0	0.0	1559.900
0.00092593	1559.60	241.100	6.492	0.00	0.000	0.00	0.000	0.00	0.00	0.000	0.00	0.000	0.000	0.0	0.0	0.0	0.0	1561.600
0.00093750	1560.20	241.200	6.494	0.00	0.000	0.00	0.000	0.00	0.00	0.000	0.00	0.000	0.000	0.0	0.0	0.0	0.0	1563.900
0.00094907	1560.80	241.200	6.491	0.00	0.000	0.00	0.000	0.00	0.00	0.000	0.00	0.000	0.000	0.0	0.0	0.0	0.0	1563.900
0.00096065	1561.10	241.300	6.494	0.00	0.000	0.00	0.000	0.00	0.00	0.000	0.00	0.000	0.000	0.0	0.0	0.0	0.0	1563.300
0.00097222	1561.60	241.200	6.493	0.00	0.000	0.00	0.000	0.00	0.00	0.000	0.00	0.000	0.000	0.0	0.0	0.0	0.0	1564.800
0.00098380	1562.00	241.400	6.494	0.00	0.000	0.00	0.000	0.00	0.00	0.000	0.00	0.000	0.000	0.0	0.0	0.0	0.0	1564.400
0.00099537	1562.50	241.400	6.494	0.00	0.000	0.00	0.000	0.00	0.00	0.000	0.00	0.000	0.000	0.0	0.0	0.0	0.0	1565.200
0.00100694	1562.80	241.200	6.492	0.00	0.000	0.00	0.000	0.00	0.00	0.000	0.00	0.000	0.000	0.0	0.0	0.0	0.0	1564.800
0.00101852	1563.00	241.200	6.490	0.00	0.000	0.00	0.000	0.00	0.00	0.000	0.00	0.000	0.000	0.0	0.0	0.0	0.0	1564.200
0.00103009	1563.10	241.300	6.491	0.00	0.000	0.00	0.000	0.00	0.00	0.000	0.00	0.000	0.000	0.0	0.0	0.0	0.0	1563.100
0.00104167	1563.20	241.500	6.495	0.00	0.000	0.00	0.000	0.00	0.00	0.000	0.00	0.000	0.000	0.0	0.0	0.0	0.0	1563.500
0.00105324	1563.60	241.400	6.494	0.00	0.000	0.00	0.000	0.00	0.00	0.000	0.00	0.000	0.000	0.0	0.0	0.0	0.0	1565.400
0.00106481	1563.80	241.400	6.494	0.00	0.000	0.00	0.000	0.00	0.00	0.000	0.00	0.000	0.000	0.0	0.0	0.0	0.0	1565.200
0.00107639	1564.10	241.400	6.493	0.00	0.000	0.00	0.000	0.00	0.00	0.000	0.00	0.000	0.000	0.0	0.0	0.0	0.0	1564.800
0.00108796	1564.20	241.400	6.492	0.00	0.000	0.00	0.000	0.00	0.00	0.000	0.00	0.000	0.000	0.0	0.0	0.0	0.0	1564.600
0.00109954	1564.30	241.500	6.494	0.00	0.000	0.00	0.000	0.00	0.00	0.000	0.00	0.000	0.000	0.0	0.0	0.0	0.0	1564.600
0.00111111	1564.60	241.600	6.495	0.00	0.000	0.00	0.000	0.00	0.00	0.000	0.00	0.000	0.000	0.0	0.0	0.0	0.0	1566.100
0.00112269	1564.90	241.500	6.494	0.00	0.000	0.00	0.000	0.00	0.00	0.000	0.00	0.000	0.000	0.0	0.0	0.0	0.0	1566.100
0.00113426	1565.10	241.500	6.493	0.00	0.000	0.00	0.000	0.00	0.00	0.000	0.00	0.000	0.000	0.0	0.0	0.0	0.0	1566.100
0.00114583	1565.20	241.500	6.493	0.00	0.000	0.00	0.000	0.00	0.00	0.000	0.00	0.000	0.000	0.0	0.0	0.0	0.0	1565.600
0.00115741	1565.30	241.400	6.490	0.00	0.000	0.00	0.000	0.00	0.00	0.000	0.00	0.000	0.000	0.0	0.0	0.0	0.0	1565.400
0.00116898	1565.10	241.300	6.487	0.00	0.000	0.00	0.000	0.00	0.00	0.000	0.00	0.000	0.000	0.0	0.0	0.0	0.0	1565.100
0.00118056	1564.90	241.200	6.484	0.00	0.000	0.00	0.000	0.00	0.00	0.000	0.00	0.000	0.000	0.0	0.0	0.0	0.0	1564.900
0.00119213	1564.50	241.100	6.481	0.00	0.000	0.00	0.000	0.00	0.00	0.000	0.00	0.000	0.000	0.0	0.0	0.0	0.0	1564.500
0.00120370	1564.00	241.000	6.479	0.00	0.000	0.00	0.000	0.00	0.00	0.000	0.00	0.000	0.000	0.0	0.0	0.0	0.0	1564.000
0.00121528	1555.00	240.300	6.458	0.00	0.000	0.00	0.000	0.00	0.00	0.000	0.00	0.000	0.000	0.0	0.0	0.0	0.0	1555.600
0.00122685	1549.80	240.200	6.457	0.00	0.000	0.00	0.000	0.00	0.00	0.000	0.00	0.000	0.000	0.0	0.0	0.0	0.0	1549.800
0.00123843	1549.80	240.300	6.458	0.00	0.000	0.00	0.000	0.00	0.00	0.000	0.00	0.000	0.000	0.0	0.0	0.0	0.0	1549.800
0.00125000	1549.50	239.800	6.445	0.00	0.000	0.00	0.000	0.00	0.00	0.000	0.00	0.000	0.000	0.0	0.0	0.0	0.0	1549.500
0.00126157	1544.00	239.900	6.449	0.00	0.000	0.00	0.000	0.00	0.00	0.000	0.00	0.000	0.000	0.0	0.0	0.0	0.0	1544.000
0.00127315	1544.40	240.200	6.454	0.00	0.000	0.00	0.000	0.00	0.00	0.000	0.00	0.000	0.000	0.0	0.0	0.0	0.0	1546.800
0.00128472	1551.90	241.100	6.478	0.00	0.000	0.00	0.000	0.00	0.00	0.000	0.00	0.000	0.000	0.0	0.0	0.0	0.0	1551.900
0.00129630	1560.80	241.100	6.480	0.00	0.000	0.00	0.000	0.00	0.00	0.000	0.00	0.000	0.000	0.0	0.0	0.0	0.0	1560.800
0.00130787	1560.90	241.300	6.483	0.00	0.000	0.00	0.000	0.00	0.00	0.000	0.00	0.000	0.000	0.0	0.0	0.0	0.0	1561.600
0.00131944	1561.30	241.400	6.485	0.00	0.000	0.00	0.000	0.00	0.00	0.000	0.00	0.000	0.000	0.0	0.0	0.0	0.0	1563.100
0.00133102	1561.60	241.400	6.484	0.00	0.000	0.00	0.000	0.00	0.00	0.000	0.00	0.000	0.000	0.0	0.0	0.0	0.0	1563.900
0.00134259	1561.90	241.200	6.480	0.00	0.000	0.00	0.000	0.00	0.00	0.000	0.00	0.000	0.000	0.0	0.0	0.0	0.0	1563.300
0.00135417	1561.90	241.100	6.476	0.00	0.000	0.00	0.000	0.00	0.00	0.000	0.00	0.000	0.000	0.0	0.0	0.0	0.0	1561.900
0.00136574	1561.60	241.000	6.476	0.00	0.000	0.00	0.000	0.00	0.00	0.000	0.00	0.000	0.000	0.0	0.0	0.0	0.0	1561.600
0.00137731	1561.50	241.100	6.477	0.00	0.000	0.00	0.000	0.00	0.00	0.000	0.00	0.000	0.000	0.0	0.0	0.0	0.0	1561.500
0.00138889	1561.50	241.200	6.480	0.00	0.000	0.00	0.000	0.00	0.00	0.000	0.00	0.000	0.000	0.0	0.0	0.0	0.0	1561.500
0.00140046	1561.60	241.300	6.480	0.00	0.000	0.00	0.000	0.00	0.00	0.000	0.00	0.000	0.000	0.0	0.0	0.0	0.0	1562.200
0.00141204	1561.70	241.300	6.478	0.00	0.000	0.00	0.000	0.00	0.00	0.000	0.00	0.000	0.000	0.0	0.0	0.0	0.0	1562.000
0.00142361	1561.70	241.300	6.481	0.00	0.000	0.00	0.000	0.00	0.00	0.000	0.00	0.000	0.000	0.0	0.0	0.0	0.0	1561.800
0.00143519	1561.80	241.300	6.479	0.00	0.000	0.00	0.000	0.00	0.00	0.000	0.00	0.000	0.000	0.0	0.0	0.0	0.0	1561.800
0.00144676	1561.90	241.400	6.482	0.00	0.000	0.00	0.000	0.00	0.00	0.000	0.00	0.000	0.000	0.0	0.0	0.0	0.0	1562.200
0.00145833	1562.10	241.400	6.483	0.00	0.000	0.00	0.000	0.00	0.00	0.000	0.00	0.000	0.000	0.0	0.0	0.0	0.0	1563.300
0.00146991	1562.40	241.400	6.483	0.00	0.000	0.00	0.000	0.00	0.00	0.000	0.00	0.000	0.000	0.0	0.0	0.0	0.0	1563.700
0.00148148	1562.50	241.300	6.478	0.00	0.000	0.00	0.000	0.00	0.00	0.000	0.00	0.000	0.000	0.0	0.0	0.0	0.0	1563.500
0.00149306	1562.40	241.400	6.482	0.00	0.000	0.00	0.000	0.00	0.00	0.000	0.00	0.000	0.000	0.0	0.0	0.0	0.0	1562.400
0.00150463	1562.40	241.200	6.476	0.00	0.000	0.00	0.000	0.00	0.00	0.000	0.00	0.000	0.000	0.0	0.0	0.0	0.0	1562.400
0.00151620	1562.20	241.200	6.477	0.00	0.000	0.00	0.000	0.00	0.00	0.000	0.00	0.000	0.000	0.0	0.0	0.0	0.0	1562.200
0.00152778	1562.10	241.300	6.478	0.00	0.000	0.00	0.000	0.00	0.00	0.000	0.00	0.000	0.000	0.0	0.0	0.0	0.0	1562.100
0.00153935	1561.90	241.200	6.476	0.00	0.000	0.00	0.000	0.00	0.00	0.000	0.00	0.000	0.000	0.0	0.0	0.0	0.0	1561.900
0.00155093	1561.80	241.200	6.475	0.00	0.000	0.00	0.000	0.00	0.00	0.000	0.00	0.000	0.000	0.0	0.0	0.0	0.0	1561.800
0.00156250	1561.70	241.400	6.479	0.00	0.000	0.00	0.000	0.00	0.00	0.000	0.00	0.000	0.000	0.0	0.0	0.0	0.0	1561.700
0.00157407	1561.80	241.300	6.478	0.00	0.000	0.00	0.000	0.00	0.00	0.000	0.00	0.000	0.000	0.0	0.0	0.0	0.0	1561.800
0.00158565	1561.80	241.400	6.478	0.00	0.000	0.00	0.000	0.00	0.00	0.000	0.00	0.000	0.000	0.0	0.0	0.0	0.0	1561.800
0.00159722	1561.90	241.400	6.480	0.00	0.000	0.00	0.000	0.00	0.00	0.000	0.00	0.000	0.000	0.0	0.0	0.0	0.0	1561.900
0.00160880	1562.00	241.300	6.477	0.00	0.000	0.00	0.000	0.00	0.00	0.000	0.00	0.000	0.000	0.0	0.0	0.0	0.0	1562.000
0.00162037	1561.90	241.300	6.476	0.00	0.000	0.00	0.000	0.00	0.00	0.000	0.00	0.000	0.000	0.0	0.0	0.0	0.0	1561.900
0.00163194	1561.70	241.200	6.472	0.00	0.000	0.00	0.000	0.00	0.00	0.000	0.00	0.000	0.000	0.0	0.0	0.0	0.0	1561.700
0.00164352	1561.60	241.500	6.479	0.00	0.000	0.00	0.000	0.00	0.00	0.000	0.00	0.000	0.000	0.0	0.0	0.0	0.0	1561.600
0.00165509	1561.70	241.400	6.476	0.00	0.000	0.00	0.000	0.00	0.00	0.000	0.00	0.000	0.000	0.0	0.0	0.0	0.0	1562.200
0.00166667	1561.70	241.500	6.478	0.00	0.000	0.00	0.000	0.00	0.00	0.000	0.00	0.000	0.000	0.0	0.0	0.0	0.0	1561.700
0.00167824	1561.90	241.600	6.481	0.00	0.000	0.00	0.000	0.00	0.00	0.000	0.00	0.000	0.000	0.0	0.0	0.0	0.0	1562.700
0.00168981	1562.10	241.400	6.478	0.00	0.000	0.00	0.000	0.00	0.00	0.000	0.00	0.000	0.000	0.0	0.0	0.0	0.0	1563.300
0.00170139	1562.10	241.300	6.475	0.00	0.000	0.00	0.000	0.00	0.00	0.000	0.00	0.000	0.000	0.0	0.0	0.0	0.0	1562.100
0.00171296	1562.00	241.300	6.476	0.00	0.000	0.00	0.000	0.00	0.00	0.000	0.00	0.000	0.000	0.0	0.0	0.0	0.0	1562.000
0.00172454	1561.90	241.300	6.474	0.00	0.000	0.00	0.000	0.00	0.00	0.000	0.00	0.000	0.000	0.0	0.0	0.0	0.0	1561.900
0.00173611	1561.70	241.300	6.474	0.00	0.000	0.00	0.000	0.00	0.00	0.000	0.00	0.000	0.000	0.0	0.0	0.0	0.0	1561.700
0.00174769	1561.60	241.200	6.473	0.00	0.000	0.00	0.000	0.00	0.00	0.000	0.00	0.000	0.000	0.0	0.0	0.0	0.0	1561.600
0.00175926	1561.50	241.300	6.473	0.00	0.000	0.00	0.000	0.00	0.00	0.000	0.00	0.000	0.000	0.0	0.0	0.0	0.0	1561.500
0.00177083	1561.40	241.400	6.476	0.00	0.000	0.00	0.000	0.00	0.00	0.000	0.00	0.000	0.000	0.0	0.0	0.0	0.0	1561.400
0.00178241	1561.50	241.500	6.477	0.00	0.000	0.00	0.000	0.00	0.00	0.000	0.00	0.000	0.000	0.0	0.0	0.0	0.0	1561.800
0.00179398	1561.70	241.500	6.477	0.00	0.000	0.00	0.000	0.00	0.00	0.000	0.00	0.000	0.000	0.0	0.0	0.0	0.0	1562.200
0.00180556	1561.80	241.400	6.477	0.00	0.000	0.00	0.000	0.00	0.00	0.000	0.00	0.000	0.000	0.0	0.0	0.0	0.0	1562.400
0.00181713	1561.90	241.300	6.475	0.00	0.000	0.00	0.000	0.00	0.00	0.000	0.00	0.000	0.000	0.0	0.0	0.0	0.0	1562.200
0.00182870	1561.90	241.200	6.474	0.00	0.000	0.00	0.000	0.00	0.00	0.000	0.00	0.000	0.000	0.0	0.0	0.0	0.0	1561.900
0.00184028	1561.70	241.200	6.472	0.00	0.000	0.00	0.000	0.00	0.00	0.000	0.00	0.000	0.000	0.0	0.0	0.0	0.0	1561.700
0.00185185	1561.60	241.200	6.472	0.00	0.000	0.00	0.000	0.00	0.00	0.000	0.00	0.000	0.000	0.0	0.0	0.0	0.0	1561.600
0.00186343	1561.50	241.200	6.471	0.00	0.000	0.00	0.000	0.00	0.00	0.000	0.00	0.000	0.000	0.0	0.0	0.0	0.0	1561.500
0.00187500	1561.40	241.200	6.471	0.00	0.000	0.00	0.000	0.00	0.00	0.000	0.00	0.000	0.000	0.0	0.0	0.0	0.0	1561.400
0.00188657	1561.30	241.200	6.471	0.00	0.000	0.00	0.000	0.00	0.00	0.000	0.00	0.000	0.000	0.0	0.0	0.0	0.0	1561.300
0.00189815	1561.10	241.200	6.470	0.00	0.000	0.00	0.000	0.00	0.00	0.000	0.00	0.000	0.000	0.0	0.0	0.0	0.0	1561.100
0.00190972	1561.00	241.200	6.470	0.00	0.000	0.00	0.000	0.00	0.00	0.000	0.00	0.000	0.000	0.0	0.0	0.0	0.0	1561.000
0.00192130	1560.90	241.300	6.472	0.00	0.000	0.00	0.000	0.00	0.00	0.000	0.00	0.000	0.000	0.0	0.0	0.0	0.0	1560.900
0.00193287	1560.90	241.300	6.472	0.00	0.000	0.00	0.000	0.00	0.00	0.000	0.00	0.000	0.000	0.0	0.0	0.0	0.0	1560.900
0.00194444	1560.90	241.400	6.473	0.00	0.000	0.00	0.000	0.00	0.00	0.000	0.00	0.000	0.000	0.0	0.0	0.0	0.0	1560.900
0.00195602	1561.00	241.300	6.471	0.00	0.000	0.00	0.000	0.00	0.00	0.000	0.00	0.000	0.000	0.0	0.0	0.0	0.0	1561.200
0.00196759	1561.00	241.400	6.475	0.00	0.000	0.00	0.000	0.00	0.00	0.000	0.00	0.000	0.000	0.0	0.0	0.0	0.0	1561.000
0.00197917	1561.20	241.600	6.477	0.00	0.000	0.00	0.000	0.00	0.00	0.000	0.00	0.000	0.000	0.0	0.0	0.0	0.0	1562.700
0.00199074	1561.50	241.400	6.475	0.00	0.000	0.00	0.000	0.00	0.00	0.000	0.00	0.000	0.000	0.0	0.0	0.0	0.0	1563.300
0.00200231	1561.70	241.500	6.476	0.00	0.000	0.00	0.000	0.00	0.00	0.000	0.00	0.000	0.000	0.0	0.0	0.0	0.0	1562.400
0.00201389	1561.90	241.500	6.477	0.00	0.000	0.00	0.000	0.00	0.00	0.000	0.00	0.000	0.000	0.0	0.0	0.0	0.0	1563.300
0.00202546	1562.20	241.500	6.478	0.00	0.000	0.00	0.000	0.00	0.00	0.000	0.00	0.000	0.000	0.0	0.0	0.0	0.0	1563.500
0.00203704	1562.40	241.500	6.476	0.00	0.000	0.00	0.000	0.00	0.00	0.000	0.00	0.000	0.000	0.0	0.0	0.0	0.0	1563.900
0.00204861	1562.70	241.600	6.478	0.00	0.000	0.00	0.000	0.00	0.00	0.000	0.00	0.000	0.000	0.0	0.0	0.0	0.0	1563.500
0.00206019	1563.00	241.600	6.479	0.00	0.000	0.00	0.000	0.00	0.00	0.000	0.00	0.000	0.000	0.0	0.0	0.0	0.0	1564.600
0.00207176	1563.20	241.600	6.479	0.00	0.000	0.00	0.000	0.00	0.00	0.000	0.00	0.000	0.000	0.0	0.0	0.0	0.0	1564.200
0.00208333	1563.30	241.600	6.478	0.00	0.000	0.00	0.000	0.00	0.00	0.000	0.00	0.000	0.000	0.0	0.0	0.0	0.0	1563.700
0.00209491	1563.40	241.500	6.477	0.00	0.000	0.00	0.000	0.00	0.00	0.000	0.00	0.000	0.000	0.0	0.0	0.0	0.0	1563.700
0.00210648	1563.40	241.400	6.475	0.00	0.000	0.00	0.000	0.00	0.00	0.000	0.00	0.000	0.000	0.0	0.0	0.0	0.0	1563.400
0.00211806	1563.30	241.500	6.475	0.00	0.000	0.00	0.000	0.00	0.00	0.000	0.00	0.000	0.000	0.0	0.0	0.0	0.0	1563.300
0.00212963	1563.20	241.500	6.476	0.00	0.000	0.00	0.000	0.00	0.00	0.000	0.00	0.000	0.000	0.0	0.0	0.0	0.0	1563.200
0.00214120	1563.30	241.500	6.477	0.00	0.000	0.00	0.000	0.00	0.00	0.000	0.00	0.000	0.000	0.0	0.0	0.0	0.0	1563.300
0.00215278	1563.30	241.500	6.477	0.00	0.000	0.00	0.000	0.00	0.00	0.000	0.00	0.000	0.000	0.0	0.0	0.0	0.0	1563.300
0.00216435	1563.40	241.600	6.477	0.00	0.000	0.00	0.000	0.00	0.00	0.000	0.00	0.000	0.000	0.0	0.0	0.0	0.0	1563.500
0.00217593	1563.40	241.500	6.478	0.00	0.000	0.00	0.000	0.00	0.00	0.000	0.00	0.000	0.000	0.0	0.0	0.0	0.0	1563.400
0.00218750	1563.50	241.500	6.476	0.00	0.000	0.00	0.000	0.00	0.00	0.000	0.00	0.000	0.000	0.0	0.0	0.0	0.0	1563.700
0.00219907	1563.50	241.600	6.477	0.00	0.000	0.00	0.000	0.00	0.00	0.000	0.00	0.000	0.000	0.0	0.0	0.0	0.0	1563.500
0.00221065	1563.60	241.600	6.477	0.00	0.000	0.00	0.000	0.00	0.00	0.000	0.00	0.000	0.000	0.0	0.0	0.0	0.0	1563.600
0.00222222	1563.60	241.700	6.478	0.00	0.000	0.00	0.000	0.00	0.00	0.000	0.00	0.000	0.000	0.0	0.0	0.0	0.0	1563.600
0.00223380	1563.80	241.700	6.480	0.00	0.000	0.00	0.000	0.00	0.00	0.000	0.00	0.000	0.000	0.0	0.0	0.0	0.0	1564.600
0.00224537	1564.00	241.800	6.481	0.00	0.000	0.00	0.000	0.00	0.00	0.000	0.00	0.000	0.000	0.0	0.0	0.0	0.0	1565.200
0.00225694	1564.20	241.600	6.478	0.00	0.000	0.00	0.000	0.00	0.00	0.000	0.00	0.000	0.000	0.0	0.0	0.0	0.0	1565.600
0.00226852	1564.30	241.600	6.477	0.00	0.000	0.00	0.000	0.00	0.00	0.000	0.00	0.000	0.000	0.0	0.0	0.0	0.0	1564.600
0.00228009	1564.30	241.600	6.476	0.00	0.000	0.00	0.000	0.00	0.00	0.000	0.00	0.000	0.000	0.0	0.0	0.0	0.0	1564.300
0.00229167	1564.20	241.500	6.475	0.00	0.000	0.00	0.000	0.00	0.00	0.000	0.00	0.000	0.000	0.0	0.0	0.0	0.0	1564.200
0.00230324	1564.10	241.400	6.472	0.00	0.000	0.00	0.000	0.00	0.00	0.000	0.00	0.000	0.000	0.0	0.0	0.0	0.0	1564.100
0.00231481	1563.90	241.400	6.473	0.00	0.000	0.00	0.000	0.00	0.00	0.000	0.00	0.000	0.000	0.0	0.0	0.0	0.0	1563.900
0.00232639	1563.70	241.400	6.473	0.00	0.000	0.00	0.000	0.00	0.00	0.000	0.00	0.000	0.000	0.0	0.0	0.0	0.0	1563.700
0.00233796	1563.50	241.400	6.472	0.00	0.000	0.00	0.000	0.00	0.00	0.000	0.00	0.000	0.000	0.0	0.0	0.0	0.0	1563.500
0.00234954	1563.30	241.400	6.473	0.00	0.000	0.00	0.000	0.00	0.00	0.000	0.00	0.000	0.000	0.0	0.0	0.0	0.0	1563.300
0.00236111	1563.20	241.200	6.469	0.00	0.000	0.00	0.000	0.00	0.00	0.000	0.00	0.000	0.000	0.0	0.0	0.0	0.0	1563.200
0.00237269	1554.80	240.600	6.449	0.00	0.000	0.00	0.000	0.00	0.00	0.000	0.00	0.000	0.000	0.0	0.0	0.0	0.0	1555.200
0.00238426	1554.30	240.700	6.451	0.00	0.000	0.00	0.000	0.00	0.00	0.000	0.00	0.000	0.000	0.0	0.0	0.0	0.0	1554.300
0.00239583	1554.00	240.600	6.451	0.00	0.000	0.00	0.000	0.00	0.00	0.000	0.00	0.000	0.000	0.0	0.0	0.0	0.0	1554.000
0.00240741	1553.80	240.700	6.452	0.00	0.000	0.00	0.000	0.00	0.00	0.000	0.00	0.000	0.000	0.0	0.0	0.0	0.0	1553.800
0.00241898	1553.70	240.800	6.455	0.00	0.000	0.00	0.000	0.00	0.00	0.000	0.00	0.000	0.000	0.0	0.0	0.0	0.0	1553.700
0.00243056	1553.70	240.700	6.452	0.00	0.000	0.00	0.000	0.00	0.00	0.000	0.00	0.000	0.000	0.0	0.0	0.0	0.0	1553.700
0.00244213	1553.40	240.800	6.453	0.00	0.000	0.00	0.000	0.00	0.00	0.000	0.00	0.000	0.000	0.0	0.0	0.0	0.0	1553.400
0.00245370	1553.70	241.600	6.474	0.00	0.000	0.00	0.000	0.00	0.00	0.000	0.00	0.000	0.000	0.0	0.0	0.0	0.0	1554.300
0.00246528	1563.30	241.600	6.475	0.00	0.000	0.00	0.000	0.00	0.00	0.000	0.00	0.000	0.000	0.0	0.0	0.0	0.0	1563.300
0.00247685	1563.30	241.600	6.476	0.00	0.000	0.00	0.000	0.00	0.00	0.000	0.00	0.000	0.000	0.0	0.0	0.0	0.0	1563.500
0.00248843	1563.40	241.500	6.474	0.00	0.000	0.00	0.000	0.00	0.00	0.000	0.00	0.000	0.000	0.0	0.0	0.0	0.0	1563.700
0.00250000	1563.30	241.500	6.473	0.00	0.000	0.00	0.000	0.00	0.00	0.000	0.00	0.000	0.000	0.0	0.0	0.0	0.0	1563.300
0.00251157	1563.20	241.500	6.472	0.00	0.000	0.00	0.000	0.00	0.00	0.000	0.00	0.000	0.000	0.0	0.0	0.0	0.0	1563.200
0.00252315	1563.10	241.500	6.472	0.00	0.000	0.00	0.000	0.00	0.00	0.000	0.00	0.000	0.000	0.0	0.0	0.0	0.0	1563.100
0.00253472	1563.00	241.400	6.471	0.00	0.000	0.00	0.000	0.00	0.00	0.000	0.00	0.000	0.000	0.0	0.0	0.0	0.0	1563.000
0.00254630	1562.90	241.400	6.472	0.00	0.000	0.00	0.000	0.00	0.00	0.000	0.00	0.000	0.000	0.0	0.0	0.0	0.0	1562.900
0.00255787	1562.80	241.500	6.472	0.00	0.000	0.00	0.000	0.00	0.00	0.000	0.00	0.000	0.000	0.0	0.0	0.0	0.0	1562.800
0.00256944	1562.70	241.400	6.471	0.00	0.000	0.00	0.000	0.00	0.00	0.000	0.00	0.000	0.000	0.0	0.0	0.0	0.0	1562.700
0.00258102	1562.60	241.400	6.470	0.00	0.000	0.00	0.000	0.00	0.00	0.000	0.00	0.000	0.000	0.0	0.0	0.0	0.0	1562.600
0.00259259	1562.50	241.400	6.471	0.00	0.000	0.00	0.000	0.00	0.00	0.000	0.00	0.000	0.000	0.0	0.0	0.0	0.0	1562.500
0.00260417	1562.40	241.400	6.470	0.00	0.000	0.00	0.000	0.00	0.00	0.000	0.00	0.000	0.000	0.0	0.0	0.0	0.0	1562.400
0.00261574	1562.30	241.200	6.468	0.00	0.000	0.00	0.000	0.00	0.00	0.000	0.00	0.000	0.000	0.0	0.0	0.0	0.0	1562.300
0.00262731	1562.20	241.300	6.466	0.00	0.000	0.00	0.000	0.00	0.00	0.000	0.00	0.000	0.000	0.0	0.0	0.0	0.0	1562.200
0.00263889	1562.00	241.300	6.466	0.00	0.000	0.00	0.000	0.00	0.00	0.000	0.00	0.000	0.000	0.0	0.0	0.0	0.0	1562.000
0.00265046	1561.70	241.300	6.465	0.00	0.000	0.00	0.000	0.00	0.00	0.000	0.00	0.000	0.000	0.0	0.0	0.0	0.0	1561.700
0.00266204	1561.40	241.200	6.466	0.00	0.000	0.00	0.000	0.00	0.00	0.000	0.00	0.000	0.000	0.0	0.0	0.0	0.0	1561.400
0.00267361	1561.30	241.300	6.466	0.00	0.000	0.00	0.000	0.00	0.00	0.000	0.00	0.000	0.000	0.0	0.0	0.0	0.0	1561.300
0.00268519	1561.20	241.400	6.468	0.00	0.000	0.00	0.000	0.00	0.00	0.000	0.00	0.000	0.000	0.0	0.0	0.0	0.0	1561.200
0.00269676	1561.20	241.400	6.469	0.00	0.000	0.00	0.000	0.00	0.00	0.000	0.00	0.000	0.000	0.0	0.0	0.0	0.0	1561.200
0.00270833	1561.20	241.200	6.468	0.00	0.000	0.00	0.000	0.00	0.00	0.000	0.00	0.000	0.000	0.0	0.0	0.0	0.0	1561.200
0.00271991	1561.00	243.900	1.864	0.00	0.000	0.00	0.000	0.00	0.00	0.000	0.00	0.000	0.000	0.0	0.0	0.0	0.0	1561.000
0.00273148	105.10	244.100	0.144	0.00	0.000	0.00	0.000	0.00	0.00	0.000	0.00	0.000	0.000	0.0	0.0	0.0	0.0	384.400
0.00274306	1.30	244.000	0.143	0.00	0.000	0.00	0.000	0.00	0.00	0.000	0.00	0.000	0.000	0.0	0.0	0.0	0.0	41.400
0.00275463	1.20	243.900	0.143	0.00	0.000	0.00	0.000	0.00	0.00	0.000	0.00	0.000	0.000	0.0	0.0	0.0	0.0	41.200
0.00276620	1.20	243.900	0.143	0.00	0.000	0.00	0.000	0.00	0.00	0.000	0.00	0.000	0.000	0.0	0.0	0.0	0.0	41.200
0.00277778	1.20	244.000	0.143	0.00	0.000	0.00	0.000	0.00	0.00	0.000	0.00	0.000	0.000	0.0	0.0	0.0	0.0	41.200
0.00278935	1.20	244.000	0.143	0.00	0.000	0.00	0.000	0.00	0.00	0.000	0.00	0.000	0.000	0.0	0.0	0.0	0.0	41.400
0.00280093	1.20	244.000	0.143	0.00	0.000	0.00	0.000	0.00	0.00	0.000	0.00	0.000	0.000	0.0	0.0	0.0	0.0	41.200
0.00281250	1.20	244.000	0.143	0.00	0.000	0.00	0.000	0.00	0.00	0.000	0.00	0.000	0.000	0.0	0.0	0.0	0.0	41.200
0.00282407	1.20	244.000	0.143	0.00	0.000	0.00	0.000	0.00	0.00	0.000	0.00	0.000	0.000	0.0	0.0	0.0	0.0	41.200
0.00283565	1.20	244.000	0.143	0.00	0.000	0.00	0.000	0.00	0.00	0.000	0.00	0.000	0.000	0.0	0.0	0.0	0.0	41.200
0.00284722	1.20	243.900	0.143	0.00	0.000	0.00	0.000	0.00	0.00	0.000	0.00	0.000	0.000	0.0	0.0	0.0	0.0	41.200
0.00285880	1.20	244.200	0.143	0.00	0.000	0.00	0.000	0.00	0.00	0.000	0.00	0.000	0.000	0.0	0.0	0.0	0.0	41.200
0.00287037	1.20	244.200	0.142	0.00	0.000	0.00	0.000	0.00	0.00	0.000	0.00	0.000	0.000	0.0	0.0	0.0	0.0	41.400
0.00288194	1.10	244.200	0.143	0.00	0.000	0.00	0.000	0.00	0.00	0.000	0.00	0.000	0.000	0.0	0.0	0.0	0.0	41.200
0.00289352	1.10	244.200	0.143	0.00	0.000	0.00	0.000	0.00	0.00	0.000	0.00	0.000	0.000	0.0	0.0	0.0	0.0	41.200
0.00290509	1.10	244.100	0.143	0.00	0.000	0.00	0.000	0.00	0.00	0.000	0.00	0.000	0.000	0.0	0.0	0.0	0.0	41.400
0.00291667	1.10	244.000	0.143	0.00	0.000	0.00	0.000	0.00	0.00	0.000	0.00	0.000	0.000	0.0	0.0	0.0	0.0	41.200
0.00292824	1.10	244.100	0.143	0.00	0.000	0.00	0.000	0.00	0.00	0.000	0.00	0.000	0.000	0.0	0.0	0.0	0.0	41.200
0.00293981	1.20	244.000	0.143	0.00	0.000	0.00	0.000	0.00	0.00	0.000	0.00	0.000	0.000	0.0	0.0	0.0	0.0	41.200
0.00295139	1.20	244.000	0.142	0.00	0.000	0.00	0.000	0.00	0.00	0.000	0.00	0.000	0.000	0.0	0.0	0.0	0.0	41.200
0.00296296	1.10	244.100	0.143	0.00	0.000	0.00	0.000	0.00	0.00	0.000	0.00	0.000	0.000	0.0	0.0	0.0	0.0	41.200
0.00297454	1.10	244.100	0.142	0.00	0.000	0.00	0.000	0.00	0.00	0.000	0.00	0.000	0.000	0.0	0.0	0.0	0.0	41.200
0.00298611	1.20	244.000	0.143	0.00	0.000	0.00	0.000	0.00	0.00	0.000	0.00	0.000	0.000	0.0	0.0	0.0	0.0	40.900
0.00299769	1.20	243.900	0.142	0.00	0.000	0.00	0.000	0.00	0.00	0.000	0.00	0.000	0.000	0.0	0.0	0.0	0.0	41.200
0.00300926	1.10	244.000	0.143	0.00	0.000	0.00	0.000	0.00	0.00	0.000	0.00	0.000	0.000	0.0	0.0	0.0	0.0	41.200
0.00302083	1.10	244.000	0.142	0.00	0.000	0.00	0.000	0.00	0.00	0.000	0.00	0.000	0.000	0.0	0.0	0.0	0.0	41.200
0.00303241	1.10	244.100	0.143	0.00	0.000	0.00	0.000	0.00	0.00	0.000	0.00	0.000	0.000	0.0	0.0	0.0	0.0	40.900
0.00304398	1.20	244.200	0.142	0.00	0.000	0.00	0.000	0.00	0.00	0.000	0.00	0.000	0.000	0.0	0.0	0.0	0.0	41.200
0.00305556	1.20	244.100	0.142	0.00	0.000	0.00	0.000	0.00	0.00	0.000	0.00	0.000	0.000	0.0	0.0	0.0	0.0	41.200
0.00306713	1.10	244.200	0.143	0.00	0.000	0.00	0.000	0.00	0.00	0.000	0.00	0.000	0.000	0.0	0.0	0.0	0.0	41.200
0.00307870	1.10	244.300	0.143	0.00	0.000	0.00	0.000	0.00	0.00	0.000	0.00	0.000	0.000	0.0	0.0	0.0	0.0	41.200
0.00309028	1.10	244.200	0.142	0.00	0.000	0.00	0.000	0.00	0.00	0.000	0.00	0.000	0.000	0.0	0.0	0.0	0.0	41.200
0.00310185	1.10	244.200	0.143	0.00	0.000	0.00	0.000	0.00	0.00	0.000	0.00	0.000	0.000	0.0	0.0	0.0	0.0	41.200
0.00311343	1.20	244.300	0.143	0.00	0.000	0.00	0.000	0.00	0.00	0.000	0.00	0.000	0.000	0.0	0.0	0.0	0.0	41.200
0.00312500	1.20	244.100	0.143	0.00	0.000	0.00	0.000	0.00	0.00	0.000	0.00	0.000	0.000	0.0	0.0	0.0	0.0	41.200
0.00313657	1.20	244.300	0.143	0.00	0.000	0.00	0.000	0.00	0.00	0.000	0.00	0.000	0.000	0.0	0.0	0.0	0.0	41.200
0.00314815	1.20	244.300	0.142	0.00	0.000	0.00	0.000	0.00	0.00	0.000	0.00	0.000	0.000	0.0	0.0	0.0	0.0	41.200
0.00315972	1.10	244.300	0.143	0.00	0.000	0.00	0.000	0.00	0.00	0.000	0.00	0.000	0.000	0.0	0.0	0.0	0.0	41.200
0.00317130	1.20	244.200	0.143	0.00	0.000	0.00	0.000	0.00	0.00	0.000	0.00	0.000	0.000	0.0	0.0	0.0	0.0	41.200
0.00318287	1.20	244.300	0.143	0.00	0.000	0.00	0.000	0.00	0.00	0.000	0.00	0.000	0.000	0.0	0.0	0.0	0.0	41.200
0.00319444	1.10	244.400	0.143	0.00	0.000	0.00	0.000	0.00	0.00	0.000	0.00	0.000	0.000	0.0	0.0	0.0	0.0	41.200
0.00320602	1.10	244.400	0.143	0.00	0.000	0.00	0.000	0.00	0.00	0.000	0.00	0.000	0.000	0.0	0.0	0.0	0.0	41.200
0.00321759	1.10	244.300	0.143	0.00	0.000	0.00	0.000	0.00	0.00	0.000	0.00	0.000	0.000	0.0	0.0	0.0	0.0	41.200
0.00322917	1.10	243.600	0.142	0.00	0.000	0.00	0.000	0.00	0.00	0.000	0.00	0.000	0.000	0.0	0.0	0.0	0.0	41.200
0.00324074	1.10	243.600	0.142	0.00	0.000	0.00	0.000	0.00	0.00	0.000	0.00	0.000	0.000	0.0	0.0	0.0	0.0	40.900
0.00325231	1.10	243.600	0.142	0.00	0.000	0.00	0.000	0.00	0.00	0.000	0.00	0.000	0.000	0.0	0.0	0.0	0.0	40.900
0.00326389	1.20	243.700	0.142	0.00	0.000	0.00	0.000	0.00	0.00	0.000	0.00	0.000	0.000	0.0	0.0	0.0	0.0	40.700
0.00327546	1.20	243.300	0.142	0.00	0.000	0.00	0.000	0.00	0.00	0.000	0.00	0.000	0.000	0.0	0.0	0.0	0.0	40.900
0.00328704	1.10	243.300	0.142	0.00	0.000	0.00	0.000	0.00	0.00	0.000	0.00	0.000	0.000	0.0	0.0	0.0	0.0	40.900
0.00329861	1.10	243.000	0.142	0.00	0.000	0.00	0.000	0.00	0.00	0.000	0.00	0.000	0.000	0.0	0.0	0.0	0.0	40.700
0.00331019	1.10	243.600	0.142	0.00	0.000	0.00	0.000	0.00	0.00	0.000	0.00	0.000	0.000	0.0	0.0	0.0	0.0	40.700
0.00332176	1.10	243.700	0.142	0.00	0.000	0.00	0.000	0.00	0.00	0.000	0.00	0.000	0.000	0.0	0.0	0.0	0.0	40.900
0.00333333	1.10	243.800	0.142	0.00	0.000	0.00	0.000	0.00	0.00	0.000	0.00	0.000	0.000	0.0	0.0	0.0	0.0	40.900
0.00334491	1.10	243.700	0.142	0.00	0.000	0.00	0.000	0.00	0.00	0.000	0.00	0.000	0.000	0.0	0.0	0.0	0.0	40.900
0.00335648	1.20	243.700	0.142	0.00	0.000	0.00	0.000	0.00	0.00	0.000	0.00	0.000	0.000	0.0	0.0	0.0	0.0	40.900
0.00336806	1.20	243.100	0.141	0.00	0.000	0.00	0.000	0.00	0.00	0.000	0.00	0.000	0.000	0.0	0.0	0.0	0.0	40.900
0.00337963	1.10	243.800	0.142	0.00	0.000	0.00	0.000	0.00	0.00	0.000	0.00	0.000	0.000	0.0	0.0	0.0	0.0	40.700
0.00339120	1.10	243.700	0.142	0.00	0.000	0.00	0.000	0.00	0.00	0.000	0.00	0.000	0.000	0.0	0.0	0.0	0.0	40.900
0.00340278	1.20	243.800	0.142	0.00	0.000	0.00	0.000	0.00	0.00	0.000	0.00	0.000	0.000	0.0	0.0	0.0	0.0	40.900
0.00341435	1.20	243.800	0.142	0.00	0.000	0.00	0.000	0.00	0.00	0.000	0.00	0.000	0.000	0.0	0.0	0.0	0.0	40.900
0.00342593	1.10	243.800	0.142	0.00	0.000	0.00	0.000	0.00	0.00	0.000	0.00	0.000	0.000	0.0	0.0	0.0	0.0	40.900
0.00343750	1.10	243.900	0.142	0.00	0.000	0.00	0.000	0.00	0.00	0.000	0.00	0.000	0.000	0.0	0.0	0.0	0.0	40.900
0.00344907	1.10	243.900	0.142	0.00	0.000	0.00	0.000	0.00	0.00	0.000	0.00	0.000	0.000	0.0	0.0	0.0	0.0	40.900
0.00346065	1.10	243.900	0.142	0.00	0.000	0.00	0.000	0.00	0.00	0.000	0.00	0.000	0.000	0.0	0.0	0.0	0.0	40.900
0.00347222	0.00	243.100	0.000	0.00	0.000	0.00	0.000	0.00	0.00	0.000	0.00	0.000	0.000	0.0	0.0	0.0	0.0	36.000
0.00348380	0.00	243.000	0.000	0.00	0.000	0.00	0.000	0.00	0.00	0.000	0.00	0.000	0.000	0.0	0.0	0.0	0.0	35.800
0.00349537	0.00	243.000	0.000	0.00	0.000	0.00	0.000	0.00	0.00	0.000	0.00	0.000	0.000	0.0	0.0	0.0	0.0	36.000
0.00350694	0.00	243.000	0.000	0.00	0.000	0.00	0.000	0.00	0.00	0.000	0.00	0.000	0.000	0.0	0.0	0.0	0.0	36.000
0.00351852	0.00	243.000	0.000	0.00	0.000	0.00	0.000	0.00	0.00	0.000	0.00	0.000	0.000	0.0	0.0	0.0	0.0	36.000
0.00353009	0.00	240.700	0.000	0.00	0.000	0.00	0.000	0.00	0.00	0.000	0.00	0.000	0.000	0.0	0.0	0.0	0.0	36.000
0.00354167	1389.90	238.700	9.943	0.00	0.000	0.00	0.000	0.00	0.00	0.000	0.00	0.000	0.000	0.0	0.0	0.0	0.0	1389.900
0.00355324	2374.00	238.900	9.893	0.00	0.000	0.00	0.000	0.00	0.00	0.000	0.00	0.000	0.000	0.0	0.0	0.0	0.0	2374.700
0.00356481	2362.30	238.800	9.843	0.00	0.000	0.00	0.000	0.00	0.00	0.000	0.00	0.000	0.000	0.0	0.0	0.0	0.0	2363.200
0.00357639	2351.40	238.900	9.802	0.00	0.000	0.00	0.000	0.00	0.00	0.000	0.00	0.000	0.000	0.0	0.0	0.0	0.0	2351.900
0.00358796	2342.20	238.900	9.766	0.00	0.000	0.00	0.000	0.00	0.00	0.000	0.00	0.000	0.000	0.0	0.0	0.0	0.0	2342.200
0.00359954	2333.90	238.800	9.740	0.00	0.000	0.00	0.000	0.00	0.00	0.000	0.00	0.000	0.000	0.0	0.0	0.0	0.0	2334.100
0.00361111	2328.80	239.000	9.724	0.00	0.000	0.00	0.000	0.00	0.00	0.000	0.00	0.000	0.000	0.0	0.0	0.0	0.0	2328.800
0.00362269	2328.40	239.200	9.717	0.00	0.000	0.00	0.000	0.00	0.00	0.000	0.00	0.000	0.000	0.0	0.0	0.0	0.0	2328.400
0.00363426	2328.00	239.300	9.706	0.00	0.000	0.00	0.000	0.00	0.00	0.000	0.00	0.000	0.000	0.0	0.0	0.0	0.0	2328.000
0.00364583	2327.40	239.100	9.692	0.00	0.000	0.00	0.000	0.00	0.00	0.000	0.00	0.000	0.000	0.0	0.0	0.0	0.0	2327.400
0.00365741	2319.60	239.500	9.690	0.00	0.000	0.00	0.000	0.00	0.00	0.000	0.00	0.000	0.000	0.0	0.0	0.0	0.0	2319.600
0.00366898	2319.70	239.400	9.682	0.00	0.000	0.00	0.000	0.00	0.00	0.000	0.00	0.000	0.000	0.0	0.0	0.0	0.0	2320.400
0.00368056	2319.50	238.500	9.648	0.00	0.000	0.00	0.000	0.00	0.00	0.000	0.00	0.000	0.000	0.0	0.0	0.0	0.0	2319.500
0.00369213	2304.00	238.700	9.643	0.00	0.000	0.00	0.000	0.00	0.00	0.000	0.00	0.000	0.000	0.0	0.0	0.0	0.0	2305.300
0.00370370	2304.10	239.100	9.659	0.00	0.000	0.00	0.000	0.00	0.00	0.000	0.00	0.000	0.000	0.0	0.0	0.0	0.0	2304.200
0.00371528	2310.40	239.000	9.653	0.00	0.000	0.00	0.000	0.00	0.00	0.000	0.00	0.000	0.000	0.0	0.0	0.0	0.0	2310.400
0.00372685	2310.10	239.100	9.651	0.00	0.000	0.00	0.000	0.00	0.00	0.000	0.00	0.000	0.000	0.0	0.0	0.0	0.0	2310.100
0.00373843	2309.90	239.100	9.649	0.00	0.000	0.00	0.000	0.00	0.00	0.000	0.00	0.000	0.000	0.0	0.0	0.0	0.0	2309.900
0.00375000	2309.60	239.100	9.649	0.00	0.000	0.00	0.000	0.00	0.00	0.000	0.00	0.000	0.000	0.0	0.0	0.0	0.0	2309.600
0.00376157	2309.40	239.100	9.647	0.00	0.000	0.00	0.000	0.00	0.00	0.000	0.00	0.000	0.000	0.0	0.0	0.0	0.0	2309.400
0.00377315	2309.10	239.000	9.644	0.00	0.000	0.00	0.000	0.00	0.00	0.000	0.00	0.000	0.000	0.0	0.0	0.0	0.0	2309.100
0.00378472	2308.70	239.000	9.644	0.00	0.000	0.00	0.000	0.00	0.00	0.000	0.00	0.000	0.000	0.0	0.0	0.0	0.0	2308.700
0.00379630	2308.50	239.000	9.645	0.00	0.000	0.00	0.000	0.00	0.00	0.000	0.00	0.000	0.000	0.0	0.0	0.0	0.0	2308.500
0.00380787	2308.20	239.000	9.645	0.00	0.000	0.00	0.000	0.00	0.00	0.000	0.00	0.000	0.000	0.0	0.0	0.0	0.0	2308.200
0.00381944	2308.10	239.000	9.645	0.00	0.000	0.00	0.000	0.00	0.00	0.000	0.00	0.000	0.000	0.0	0.0	0.0	0.0	2308.100
0.00383102	2307.90	239.200	9.648	0.00	0.000	0.00	0.000	0.00	0.00	0.000	0.00	0.000	0.000	0.0	0.0	0.0	0.0	2307.900
0.00384259	2308.00	239.200	9.651	0.00	0.000	0.00	0.000	0.00	0.00	0.000	0.00	0.000	0.000	0.0	0.0	0.0	0.0	2308.000
0.00385417	2308.20	239.200	9.653	0.00	0.000	0.00	0.000	0.00	0.00	0.000	0.00	0.000	0.000	0.0	0.0	0.0	0.0	2308.900
0.00386574	2308.50	239.200	9.652	0.00	0.000	0.00	0.000	0.00	0.00	0.000	0.00	0.000	0.000	0.0	0.0	0.0	0.0	2310.000
0.00387731	2308.30	238.500	9.622	0.00	0.000	0.00	0.000	0.00	0.00	0.000	0.00	0.000	0.000	0.0	0.0	0.0	0.0	2308.300
0.00388889	2295.70	238.400	9.620	0.00	0.000	0.00	0.000	0.00	0.00	0.000	0.00	0.000	0.000	0.0	0.0	0.0	0.0	2295.700
0.00390046	2295.50	238.500	9.621	0.00	0.000	0.00	0.000	0.00	0.00	0.000	0.00	0.000	0.000	0.0	0.0	0.0	0.0	2295.500
0.00391204	2295.50	238.600	9.624	0.00	0.000	0.00	0.000	0.00	0.00	0.000	0.00	0.000	0.000	0.0	0.0	0.0	0.0	2295.500
0.00392361	2295.70	238.500	9.623	0.00	0.000	0.00	0.000	0.00	0.00	0.000	0.00	0.000	0.000	0.0	0.0	0.0	0.0	2295.900
0.00393519	2295.70	238.600	9.625	0.00	0.000	0.00	0.000	0.00	0.00	0.000	0.00	0.000	0.000	0.0	0.0	0.0	0.0	2295.700
0.00394676	2295.80	238.800	9.631	0.00	0.000	0.00	0.000	0.00	0.00	0.000	0.00	0.000	0.000	0.0	0.0	0.0	0.0	2295.900
0.00395833	2304.20	239.300	9.655	0.00	0.000	0.00	0.000	0.00	0.00	0.000	0.00	0.000	0.000	0.0	0.0	0.0	0.0	2304.200
0.00396991	2310.40	239.300	9.657	0.00	0.000	0.00	0.000	0.00	0.00	0.000	0.00	0.000	0.000	0.0	0.0	0.0	0.0	2310.400
0.00398148	2310.50	239.300	9.655	0.00	0.000	0.00	0.000	0.00	0.00	0.000	0.00	0.000	0.000	0.0	0.0	0.0	0.0	2310.800
0.00399306	2310.60	239.200	9.654	0.00	0.000	0.00	0.000	0.00	0.00	0.000	0.00	0.000	0.000	0.0	0.0	0.0	0.0	2310.600
0.00400463	2310.70	239.200	9.651	0.00	0.000	0.00	0.000	0.00	0.00	0.000	0.00	0.000	0.000	0.0	0.0	0.0	0.0	2310.700
0.00401620	2310.50	239.200	9.651	0.00	0.000	0.00	0.000	0.00	0.00	0.000	0.00	0.000	0.000	0.0	0.0	0.0	0.0	2310.500
0.00402778	2310.50	239.200	9.651	0.00	0.000	0.00	0.000	0.00	0.00	0.000	0.00	0.000	0.000	0.0	0.0	0.0	0.0	2310.500
0.00403935	2310.30	239.400	9.657	0.00	0.000	0.00	0.000	0.00	0.00	0.000	0.00	0.000	0.000	0.0	0.0	0.0	0.0	2310.300
0.00405093	2310.60	239.400	9.659	0.00	0.000	0.00	0.000	0.00	0.00	0.000	0.00	0.000	0.000	0.0	0.0	0.0	0.0	2311.500
0.00406250	2310.60	239.300	9.651	0.00	0.000	0.00	0.000	0.00	0.00	0.000	0.00	0.000	0.000	0.0	0.0	0.0	0.0	2310.800
0.00407407	2310.70	239.500	9.657	0.00	0.000	0.00	0.000	0.00	0.00	0.000	0.00	0.000	0.000	0.0	0.0	0.0	0.0	2310.700
0.00408565	2310.70	239.500	9.634	0.00	0.000	0.00	0.000	0.00	0.00	0.000	0.00	0.000	0.000	0.0	0.0	0.0	0.0	2311.700
0.00409722	2310.30	239.400	9.632	0.00	0.000	0.00	0.000	0.00	0.00	0.000	0.00	0.000	0.000	0.0	0.0	0.0	0.0	2310.300
0.00410880	2309.80	239.400	9.627	0.00	0.000	0.00	0.000	0.00	0.00	0.000	0.00	0.000	0.000	0.0	0.0	0.0	0.0	2309.800
0.00412037	2304.60	239.400	9.629	0.00	0.000	0.00	0.000	0.00	0.00	0.000	0.00	0.000	0.000	0.0	0.0	0.0	0.0	2304.600
0.00413194	2304.60	239.600	9.635	0.00	0.000	0.00	0.000	0.00	0.00	0.000	0.00	0.000	0.000	0.0	0.0	0.0	0.0	2304.600
0.00414352	2305.20	239.700	9.648	0.00	0.000	0.00	0.000	0.00	0.00	0.000	0.00	0.000	0.000	0.0	0.0	0.0	0.0	2308.000
0.00415509	2312.90	239.600	9.649	0.00	0.000	0.00	0.000	0.00	0.00	0.000	0.00	0.000	0.000	0.0	0.0	0.0	0.0	2312.900
0.00416667	2312.80	239.600	9.648	0.00	0.000	0.00	0.000	0.00	0.00	0.000	0.00	0.000	0.000	0.0	0.0	0.0	0.0	2312.800
0.00417824	2312.80	239.700	9.649	0.00	0.000	0.00	0.000	0.00	0.00	0.000	0.00	0.000	0.000	0.0	0.0	0.0	0.0	2312.800
0.00418981	2312.60	238.500	9.604	0.00	0.000	0.00	0.000	0.00	0.00	0.000	0.00	0.000	0.000	0.0	0.0	0.0	0.0	2312.600
0.00420139	2293.70	239.100	9.631	0.00	0.000	0.00	0.000	0.00	0.00	0.000	0.00	0.000	0.000	0.0	0.0	0.0	0.0	2293.900
0.00421296	2302.20	239.100	9.629	0.00	0.000	0.00	0.000	0.00	0.00	0.000	0.00	0.000	0.000	0.0	0.0	0.0	0.0	2302.200
0.00422454	2302.50	239.400	9.643	0.00	0.000	0.00	0.000	0.00	0.00	0.000	0.00	0.000	0.000	0.0	0.0	0.0	0.0	2304.000
0.00423611	2308.40	239.400	9.643	0.00	0.000	0.00	0.000	0.00	0.00	0.000	0.00	0.000	0.000	0.0	0.0	0.0	0.0	2308.400
0.00424769	2308.50	239.500	9.645	0.00	0.000	0.00	0.000	0.00	0.00	0.000	0.00	0.000	0.000	0.0	0.0	0.0	0.0	2308.500
0.00425926	2308.70	239.400	9.646	0.00	0.000	0.00	0.000	0.00	0.00	0.000	0.00	0.000	0.000	0.0	0.0	0.0	0.0	2309.700
0.00427083	2308.70	239.400	9.643	0.00	0.000	0.00	0.000	0.00	0.00	0.000	0.00	0.000	0.000	0.0	0.0	0.0	0.0	2308.700
0.00428241	2308.50	239.400	9.642	0.00	0.000	0.00	0.000	0.00	0.00	0.000	0.00	0.000	0.000	0.0	0.0	0.0	0.0	2308.500
0.00429398	2308.40	239.200	9.640	0.00	0.000	0.00	0.000	0.00	0.00	0.000	0.00	0.000	0.000	0.0	0.0	0.0	0.0	2308.400
0.00430556	2308.20	238.900	9.627	0.00	0.000	0.00	0.000	0.00	0.00	0.000	0.00	0.000	0.000	0.0	0.0	0.0	0.0	2308.200
0.00431713	2301.70	238.900	9.627	0.00	0.000	0.00	0.000	0.00	0.00	0.000	0.00	0.000	0.000	0.0	0.0	0.0	0.0	2301.700
0.00432870	2301.50	239.000	9.630	0.00	0.000	0.00	0.000	0.00	0.00	0.000	0.00	0.000	0.000	0.0	0.0	0.0	0.0	2301.500
0.00434028	2301.60	238.900	9.624	0.00	0.000	0.00	0.000	0.00	0.00	0.000	0.00	0.000	0.000	0.0	0.0	0.0	0.0	2301.600
0.00435185	2301.40	238.900	9.629	0.00	0.000	0.00	0.000	0.00	0.00	0.000	0.00	0.000	0.000	0.0	0.0	0.0	0.0	2301.400
0.00436343	2301.50	238.900	9.632	0.00	0.000	0.00	0.000	0.00	0.00	0.000	0.00	0.000	0.000	0.0	0.0	0.0	0.0	2301.500
0.00437500	2301.50	239.100	9.635	0.00	0.000	0.00	0.000	0.00	0.00	0.000	0.00	0.000	0.000	0.0	0.0	0.0	0.0	2301.600
0.00438657	2301.80	239.200	9.642	0.00	0.000	0.00	0.000	0.00	0.00	0.000	0.00	0.000	0.000	0.0	0.0	0.0	0.0	2302.700
0.00439815	2307.60	240.300	9.279	0.00	0.000	0.00	0.000	0.00	0.00	0.000	0.00	0.000	0.000	0.0	0.0	0.0	0.0	2307.600
0.00440972	1053.30	243.400	0.127	0.00	0.000	0.00	0.000	0.00	0.00	0.000	0.00	0.000	0.000	0.0	0.0	0.0	0.0	1437.200
0.00442130	0.00	243.400	0.000	0.00	0.000	0.00	0.000	0.00	0.00	0.000	0.00	0.000	0.000	0.0	0.0	0.0	0.0	40.900
0.00443287	0.00	243.300	0.000	0.00	0.000	0.00	0.000	0.00	0.00	0.000	0.00	0.000	0.000	0.0	0.0	0.0	0.0	37.200
0.00444444	0.00	243.300	0.000	0.00	0.000	0.00	0.000	0.00	0.00	0.000	0.00	0.000	0.000	0.0	0.0	0.0	0.0	36.900
0.00445602	0.00	243.400	0.000	0.00	0.000	0.00	0.000	0.00	0.00	0.000	0.00	0.000	0.000	0.0	0.0	0.0	0.0	36.900
0.00446759	0.00	243.500	0.000	0.00	0.000	0.00	0.000	0.00	0.00	0.000	0.00	0.000	0.000	0.0	0.0	0.0	0.0	36.900
0.00447917	0.00	243.600	0.000	0.00	0.000	0.00	0.000	0.00	0.00	0.000	0.00	0.000	0.000	0.0	0.0	0.0	0.0	37.200
0.00449074	0.00	243.600	0.000	0.00	0.000	0.00	0.000	0.00	0.00	0.000	0.00	0.000	0.000	0.0	0.0	0.0	0.0	36.900
0.00450231	0.00	243.200	0.000	0.00	0.000	0.00	0.000	0.00	0.00	0.000	0.00	0.000	0.000	0.0	0.0	0.0	0.0	37.200
0.00451389	0.00	243.100	0.000	0.00	0.000	0.00	0.000	0.00	0.00	0.000	0.00	0.000	0.000	0.0	0.0	0.0	0.0	36.900
0.00452546	0.00	243.000	0.000	0.00	0.000	0.00	0.000	0.00	0.00	0.000	0.00	0.000	0.000	0.0	0.0	0.0	0.0	36.700
0.00453704	0.00	243.200	0.000	0.00	0.000	0.00	0.000	0.00	0.00	0.000	0.00	0.000	0.000	0.0	0.0	0.0	0.0	36.900
0.00454861	0.00	242.900	0.000	0.00	0.000	0.00	0.000	0.00	0.00	0.000	0.00	0.000	0.000	0.0	0.0	0.0	0.0	36.900
0.00456019	0.00	242.900	0.000	0.00	0.000	0.00	0.000	0.00	0.00	0.000	0.00	0.000	0.000	0.0	0.0	0.0	0.0	36.700
0.00457176	0.00	243.000	0.000	0.00	0.000	0.00	0.000	0.00	0.00	0.000	0.00	0.000	0.000	0.0	0.0	0.0	0.0	36.700
0.00458333	0.00	243.000	0.000	0.00	0.000	0.00	0.000	0.00	0.00	0.000	0.00	0.000	0.000	0.0	0.0	0.0	0.0	36.900
0.00459491	0.00	243.000	0.000	0.00	0.000	0.00	0.000	0.00	0.00	0.000	0.00	0.000	0.000	0.0	0.0	0.0	0.0	36.700
0.00460648	0.00	243.000	0.000	0.00	0.000	0.00	0.000	0.00	0.00	0.000	0.00	0.000	0.000	0.0	0.0	0.0	0.0	36.700
0.00461806	0.00	243.000	0.000	0.00	0.000	0.00	0.000	0.00	0.00	0.000	0.00	0.000	0.000	0.0	0.0	0.0	0.0	36.900
0.00462963	0.00	243.100	0.000	0.00	0.000	0.00	0.000	0.00	0.00	0.000	0.00	0.000	0.000	0.0	0.0	0.0	0.0	36.900
0.00464120	0.00	243.000	0.000	0.00	0.000	0.00	0.000	0.00	0.00	0.000	0.00	0.000	0.000	0.0	0.0	0.0	0.0	36.700
0.00465278	0.00	243.000	0.000	0.00	0.000	0.00	0.000	0.00	0.00	0.000	0.00	0.000	0.000	0.0	0.0	0.0	0.0	36.700
0.00466435	0.00	243.000	0.000	0.00	0.000	0.00	0.000	0.00	0.00	0.000	0.00	0.000	0.000	0.0	0.0	0.0	0.0	36.900
0.00467593	0.00	242.700	0.000	0.00	0.000	0.00	0.000	0.00	0.00	0.000	0.00	0.000	0.000	0.0	0.0	0.0	0.0	36.700
0.00468750	0.00	242.400	0.000	0.00	0.000	0.00	0.000	0.00	0.00	0.000	0.00	0.000	0.000	0.0	0.0	0.0	0.0	36.700
0.00469907	0.00	242.500	0.000	0.00	0.000	0.00	0.000	0.00	0.00	0.000	0.00	0.000	0.000	0.0	0.0	0.0	0.0	36.500
0.00471065	0.00	242.400	0.000	0.00	0.000	0.00	0.000	0.00	0.00	0.000	0.00	0.000	0.000	0.0	0.0	0.0	0.0	36.700
0.00472222	0.00	242.900	0.000	0.00	0.000	0.00	0.000	0.00	0.00	0.000	0.00	0.000	0.000	0.0	0.0	0.0	0.0	36.000
0.00473380	0.00	242.700	0.000	0.00	0.000	0.00	0.000	0.00	0.00	0.000	0.00	0.000	0.000	0.0	0.0	0.0	0.0	36.000
0.00474537	0.00	242.700	0.000	0.00	0.000	0.00	0.000	0.00	0.00	0.000	0.00	0.000	0.000	0.0	0.0	0.0	0.0	36.000
0.00475694	0.00	242.700	0.000	0.00	0.000	0.00	0.000	0.00	0.00	0.000	0.00	0.000	0.000	0.0	0.0	0.0	0.0	36.000
0.00476852	0.00	242.700	0.000	0.00	0.000	0.00	0.000	0.00	0.00	0.000	0.00	0.000	0.000	0.0	0.0	0.0	0.0	36.200
0.00478009	0.00	242.700	0.000	0.00	0.000	0.00	0.000	0.00	0.00	0.000	0.00	0.000	0.000	0.0	0.0	0.0	0.0	36.000
0.00479167	0.00	242.100	0.000	0.00	0.000	0.00	0.000	0.00	0.00	0.000	0.00	0.000	0.000	0.0	0.0	0.0	0.0	36.000
0.00480324	0.00	242.000	0.000	0.00	0.000	0.00	0.000	0.00	0.00	0.000	0.00	0.000	0.000	0.0	0.0	0.0	0.0	35.800
0.00481481	0.00	242.200	0.000	0.00	0.000	0.00	0.000	0.00	0.00	0.000	0.00	0.000	0.000	0.0	0.0	0.0	0.0	35.800
0.00482639	0.00	242.100	0.000	0.00	0.000	0.00	0.000	0.00	0.00	0.000	0.00	0.000	0.000	0.0	0.0	0.0	0.0	35.800
0.00483796	0.00	242.100	0.000	0.00	0.000	0.00	0.000	0.00	0.00	0.000	0.00	0.000	0.000	0.0	0.0	0.0	0.0	35.800
0.00484954	0.00	241.900	0.000	0.00	0.000	0.00	0.000	0.00	0.00	0.000	0.00	0.000	0.000	0.0	0.0	0.0	0.0	35.800
0.00486111	0.00	242.100	0.000	0.00	0.000	0.00	0.000	0.00	0.00	0.000	0.00	0.000	0.000	0.0	0.0	0.0	0.0	35.800
0.00487269	0.00	242.900	0.000	0.00	0.000	0.00	0.000	0.00	0.00	0.000	0.00	0.000	0.000	0.0	0.0	0.0	0.0	35.800
0.00488426	0.00	242.700	0.000	0.00	0.000	0.00	0.000	0.00	0.00	0.000	0.00	0.000	0.000	0.0	0.0	0.0	0.0	36.000
0.00489583	0.00	242.600	0.000	0.00	0.000	0.00	0.000	0.00	0.00	0.000	0.00	0.000	0.000	0.0	0.0	0.0	0.0	36.200
0.00490741	0.00	242.500	0.000	0.00	0.000	0.00	0.000	0.00	0.00	0.000	0.00	0.000	0.000	0.0	0.0	0.0	0.0	36.000
0.00491898	0.00	242.600	0.000	0.00	0.000	0.00	0.000	0.00	0.00	0.000	0.00	0.000	0.000	0.0	0.0	0.0	0.0	35.800
0.00493056	0.00	242.400	0.000	0.00	0.000	0.00	0.000	0.00	0.00	0.000	0.00	0.000	0.000	0.0	0.0	0.0	0.0	36.200
0.00494213	0.00	242.300	0.000	0.00	0.000	0.00	0.000	0.00	0.00	0.000	0.00	0.000	0.000	0.0	0.0	0.0	0.0	35.800
0.00495370	0.00	242.300	0.000	0.00	0.000	0.00	0.000	0.00	0.00	0.000	0.00	0.000	0.000	0.0	0.0	0.0	0.0	36.000
0.00496528	0.00	242.400	0.000	0.00	0.000	0.00	0.000	0.00	0.00	0.000	0.00	0.000	0.000	0.0	0.0	0.0	0.0	35.800
0.00497685	0.00	242.400	0.000	0.00	0.000	0.00	0.000	0.00	0.00	0.000	0.00	0.000	0.000	0.0	0.0	0.0	0.0	36.000
0.00498843	0.00	242.400	0.000	0.00	0.000	0.00	0.000	0.00	0.00	0.000	0.00	0.000	0.000	0.0	0.0	0.0	0.0	36.000
0.00500000	0.00	242.400	0.000	0.00	0.000	0.00	0.000	0.00	0.00	0.000	0.00	0.000	0.000	0.0	0.0	0.0	0.0	35.800
0.00501157	0.00	242.400	0.000	0.00	0.000	0.00	0.000	0.00	0.00	0.000	0.00	0.000	0.000	0.0	0.0	0.0	0.0	36.000
0.00502315	0.00	242.500	0.000	0.00	0.000	0.00	0.000	0.00	0.00	0.000	0.00	0.000	0.000	0.0	0.0	0.0	0.0	36.000
0.00503472	0.00	242.500	0.000	0.00	0.000	0.00	0.000	0.00	0.00	0.000	0.00	0.000	0.000	0.0	0.0	0.0	0.0	35.800
0.00504630	0.00	242.400	0.000	0.00	0.000	0.00	0.000	0.00	0.00	0.000	0.00	0.000	0.000	0.0	0.0	0.0	0.0	36.000
0.00505787	0.00	242.500	0.000	0.00	0.000	0.00	0.000	0.00	0.00	0.000	0.00	0.000	0.000	0.0	0.0	0.0	0.0	36.000
0.00506944	0.00	242.500	0.000	0.00	0.000	0.00	0.000	0.00	0.00	0.000	0.00	0.000	0.000	0.0	0.0	0.0	0.0	36.000
0.00508102	0.00	242.600	0.000	0.00	0.000	0.00	0.000	0.00	0.00	0.000	0.00	0.000	0.000	0.0	0.0	0.0	0.0	35.800
0.00509259	0.00	242.600	0.000	0.00	0.000	0.00	0.000	0.00	0.00	0.000	0.00	0.000	0.000	0.0	0.0	0.0	0.0	36.000
0.00510417	0.00	242.600	0.000	0.00	0.000	0.00	0.000	0.00	0.00	0.000	0.00	0.000	0.000	0.0	0.0	0.0	0.0	36.000
0.00511574	0.00	242.600	0.000	0.00	0.000	0.00	0.000	0.00	0.00	0.000	0.00	0.000	0.000	0.0	0.0	0.0	0.0	36.000
0.00512731	0.00	242.500	0.000	0.00	0.000	0.00	0.000	0.00	0.00	0.000	0.00	0.000	0.000	0.0	0.0	0.0	0.0	36.000
0.00513889	0.00	242.400	0.000	0.00	0.000	0.00	0.000	0.00	0.00	0.000	0.00	0.000	0.000	0.0	0.0	0.0	0.0	36.000
0.00515046	0.00	242.300	0.000	0.00	0.000	0.00	0.000	0.00	0.00	0.000	0.00	0.000	0.000	0.0	0.0	0.0	0.0	35.800
0.00516204	0.00	242.300	0.000	0.00	0.000	0.00	0.000	0.00	0.00	0.000	0.00	0.000	0.000	0.0	0.0	0.0	0.0	36.000
0.00517361	0.00	242.400	0.000	0.00	0.000	0.00	0.000	0.00	0.00	0.000	0.00	0.000	0.000	0.0	0.0	0.0	0.0	35.800
0.00518519	0.00	242.300	0.000	0.00	0.000	0.00	0.000	0.00	0.00	0.000	0.00	0.000	0.000	0.0	0.0	0.0	0.0	36.000
0.00519676	0.00	242.400	0.000	0.00	0.000	0.00	0.000	0.00	0.00	0.000	0.00	0.000	0.000	0.0	0.0	0.0	0.0	36.000
0.00520833	0.00	242.400	0.000	0.00	0.000	0.00	0.000	0.00	0.00	0.000	0.00	0.000	0.000	0.0	0.0	0.0	0.0	36.000
0.00521991	0.00	242.400	0.000	0.00	0.000	0.00	0.000	0.00	0.00	0.000	0.00	0.000	0.000	0.0	0.0	0.0	0.0	35.800
0.00523148	0.00	242.500	0.000	0.00	0.000	0.00	0.000	0.00	0.00	0.000	0.00	0.000	0.000	0.0	0.0	0.0	0.0	36.000
0.00524306	0.00	242.500	0.000	0.00	0.000	0.00	0.000	0.00	0.00	0.000	0.00	0.000	0.000	0.0	0.0	0.0	0.0	36.000
0.00525463	0.00	242.600	0.000	0.00	0.000	0.00	0.000	0.00	0.00	0.000	0.00	0.000	0.000	0.0	0.0	0.0	0.0	36.000
0.00526620	0.00	242.800	0.000	0.00	0.000	0.00	0.000	0.00	0.00	0.000	0.00	0.000	0.000	0.0	0.0	0.0	0.0	36.000
0.00527778	0.00	242.800	0.000	0.00	0.000	0.00	0.000	0.00	0.00	0.000	0.00	0.000	0.000	0.0	0.0	0.0	0.0	36.000
0.00528935	0.00	242.800	0.000	0.00	0.000	0.00	0.000	0.00	0.00	0.000	0.00	0.000	0.000	0.0	0.0	0.0	0.0	36.200
0.00530093	0.00	242.700	0.000	0.00	0.000	0.00	0.000	0.00	0.00	0.000	0.00	0.000	0.000	0.0	0.0	0.0	0.0	36.000
0.00531250	0.00	242.700	0.000	0.00	0.000	0.00	0.000	0.00	0.00	0.000	0.00	0.000	0.000	0.0	0.0	0.0	0.0	36.000
0.00532407	0.00	242.900	0.000	0.00	0.000	0.00	0.000	0.00	0.00	0.000	0.00	0.000	0.000	0.0	0.0	0.0	0.0	36.200
0.00533565	0.00	242.900	0.000	0.00	0.000	0.00	0.000	0.00	0.00	0.000	0.00	0.000	0.000	0.0	0.0	0.0	0.0	36.000
